Date,Value
1/1/1981,20.70
1/2/1981,17.90
1/3/1981,18.80
1/4/1981,14.60
1/5/1981,15.80
1/6/1981,15.80
1/7/1981,15.80
1/8/1981,17.40
1/9/1981,21.80
1/10/1981,20.00
1/11/1981,16.20
1/12/1981,13.30
1/13/1981,16.70
1/14/1981,21.50
1/15/1981,25.00
1/16/1981,20.70
1/17/1981,20.60
1/18/1981,24.80
1/19/1981,17.70
1/20/1981,15.50
1/21/1981,18.20
1/22/1981,12.10
1/23/1981,14.40
1/24/1981,16.00
1/25/1981,16.50
1/26/1981,18.70
1/27/1981,19.40
1/28/1981,17.20
1/29/1981,15.50
1/30/1981,15.10
1/31/1981,15.40
2/1/1981,15.30
2/2/1981,18.80
2/3/1981,21.90
2/4/1981,19.90
2/5/1981,16.60
2/6/1981,16.80
2/7/1981,14.60
2/8/1981,17.10
2/9/1981,25.00
2/10/1981,15.00
2/11/1981,13.70
2/12/1981,13.90
2/13/1981,18.30
2/14/1981,22.00
2/15/1981,22.10
2/16/1981,21.20
2/17/1981,18.40
2/18/1981,16.60
2/19/1981,16.10
2/20/1981,15.70
2/21/1981,16.60
2/22/1981,16.50
2/23/1981,14.40
2/24/1981,14.40
2/25/1981,18.50
2/26/1981,16.90
2/27/1981,17.50
2/28/1981,21.20
3/1/1981,17.80
3/2/1981,18.60
3/3/1981,17.00
3/4/1981,16.00
3/5/1981,13.30
3/6/1981,14.30
3/7/1981,11.40
3/8/1981,16.30
3/9/1981,16.10
3/10/1981,11.80
3/11/1981,12.20
3/12/1981,14.70
3/13/1981,11.80
3/14/1981,11.30
3/15/1981,10.60
3/16/1981,11.70
3/17/1981,14.20
3/18/1981,11.20
3/19/1981,16.90
3/20/1981,16.70
3/21/1981,8.10
3/22/1981,8.00
3/23/1981,8.80
3/24/1981,13.40
3/25/1981,10.90
3/26/1981,13.40
3/27/1981,11.00
3/28/1981,15.00
3/29/1981,15.70
3/30/1981,14.50
3/31/1981,15.80
4/1/1981,16.70
4/2/1981,16.80
4/3/1981,17.50
4/4/1981,17.10
4/5/1981,18.10
4/6/1981,16.60
4/7/1981,10.00
4/8/1981,14.90
4/9/1981,15.90
4/10/1981,13.00
4/11/1981,7.60
4/12/1981,11.50
4/13/1981,13.50
4/14/1981,13.00
4/15/1981,13.30
4/16/1981,12.10
4/17/1981,12.40
4/18/1981,13.20
4/19/1981,13.80
4/20/1981,10.60
4/21/1981,9.00
4/22/1981,10.00
4/23/1981,9.80
4/24/1981,11.50
4/25/1981,8.90
4/26/1981,7.40
4/27/1981,9.90
4/28/1981,9.30
4/29/1981,9.90
4/30/1981,7.40
5/1/1981,8.60
5/2/1981,11.90
5/3/1981,14.00
5/4/1981,8.60
5/5/1981,10.00
5/6/1981,13.50
5/7/1981,12.00
5/8/1981,10.50
5/9/1981,10.70
5/10/1981,8.10
5/11/1981,10.10
5/12/1981,10.60
5/13/1981,5.30
5/14/1981,6.60
5/15/1981,8.50
5/16/1981,11.20
5/17/1981,9.80
5/18/1981,5.90
5/19/1981,3.20
5/20/1981,2.10
5/21/1981,3.40
5/22/1981,5.40
5/23/1981,9.60
5/24/1981,11.50
5/25/1981,12.30
5/26/1981,12.60
5/27/1981,11.00
5/28/1981,11.20
5/29/1981,11.40
5/30/1981,11.80
5/31/1981,12.80
6/1/1981,11.60
6/2/1981,10.60
6/3/1981,9.80
6/4/1981,11.20
6/5/1981,5.70
6/6/1981,7.10
6/7/1981,2.50
6/8/1981,3.50
6/9/1981,4.60
6/10/1981,11.00
6/11/1981,5.70
6/12/1981,7.70
6/13/1981,10.40
6/14/1981,11.40
6/15/1981,9.20
6/16/1981,6.10
6/17/1981,2.70
6/18/1981,4.30
6/19/1981,6.30
6/20/1981,3.80
6/21/1981,4.40
6/22/1981,7.10
6/23/1981,4.80
6/24/1981,5.80
6/25/1981,6.20
6/26/1981,7.30
6/27/1981,9.20
6/28/1981,10.20
6/29/1981,9.50
6/30/1981,9.50
7/1/1981,10.70
7/2/1981,10.00
7/3/1981,6.50
7/4/1981,7.00
7/5/1981,7.40
7/6/1981,8.10
7/7/1981,6.60
7/8/1981,8.30
7/9/1981,8.90
7/10/1981,4.60
7/11/1981,6.80
7/12/1981,5.70
7/13/1981,6.10
7/14/1981,7.00
7/15/1981,7.20
7/16/1981,6.30
7/17/1981,8.80
7/18/1981,5.00
7/19/1981,7.40
7/20/1981,10.10
7/21/1981,12.00
7/22/1981,9.00
7/23/1981,8.90
7/24/1981,9.80
7/25/1981,9.00
7/26/1981,9.20
7/27/1981,7.70
7/28/1981,8.00
7/29/1981,6.10
7/30/1981,3.50
7/31/1981,3.20
8/1/1981,5.70
8/2/1981,7.70
8/3/1981,9.00
8/4/1981,10.00
8/5/1981,6.20
8/6/1981,6.90
8/7/1981,6.50
8/8/1981,6.80
8/9/1981,7.00
8/10/1981,5.20
8/11/1981,3.00
8/12/1981,5.60
8/13/1981,7.90
8/14/1981,9.00
8/15/1981,8.60
8/16/1981,10.30
8/17/1981,10.50
8/18/1981,7.60
8/19/1981,9.70
8/20/1981,12.50
8/21/1981,7.40
8/22/1981,7.90
8/23/1981,3.90
8/24/1981,6.60
8/25/1981,4.60
8/26/1981,7.00
8/27/1981,6.00
8/28/1981,5.50
8/29/1981,8.10
8/30/1981,5.50
8/31/1981,6.20
9/1/1981,8.00
9/2/1981,10.30
9/3/1981,9.80
9/4/1981,9.60
9/5/1981,8.50
9/6/1981,7.50
9/7/1981,11.20
9/8/1981,14.60
9/9/1981,11.70
9/10/1981,7.80
9/11/1981,12.30
9/12/1981,10.10
9/13/1981,11.50
9/14/1981,7.30
9/15/1981,10.90
9/16/1981,14.10
9/17/1981,10.70
9/18/1981,16.90
9/19/1981,10.50
9/20/1981,6.50
9/21/1981,11.00
9/22/1981,6.30
9/23/1981,10.50
9/24/1981,7.20
9/25/1981,7.60
9/26/1981,10.70
9/27/1981,7.80
9/28/1981,9.60
9/29/1981,11.40
9/30/1981,12.40
10/1/1981,8.90
10/2/1981,13.20
10/3/1981,8.60
10/4/1981,6.20
10/5/1981,11.40
10/6/1981,13.20
10/7/1981,14.30
10/8/1981,7.30
10/9/1981,12.90
10/10/1981,7.80
10/11/1981,6.20
10/12/1981,5.60
10/13/1981,10.00
10/14/1981,13.30
10/15/1981,8.30
10/16/1981,10.20
10/17/1981,8.60
10/18/1981,7.30
10/19/1981,10.40
10/20/1981,11.20
10/21/1981,13.20
10/22/1981,11.40
10/23/1981,9.10
10/24/1981,6.60
10/25/1981,8.40
10/26/1981,9.70
10/27/1981,13.20
10/28/1981,12.50
10/29/1981,11.00
10/30/1981,11.00
10/31/1981,11.70
11/1/1981,9.20
11/2/1981,11.50
11/3/1981,13.60
11/4/1981,13.70
11/5/1981,10.40
11/6/1981,11.50
11/7/1981,7.60
11/8/1981,9.60
11/9/1981,14.20
11/10/1981,15.70
11/11/1981,10.50
11/12/1981,10.50
11/13/1981,9.70
11/14/1981,9.50
11/15/1981,11.30
11/16/1981,8.90
11/17/1981,9.40
11/18/1981,11.90
11/19/1981,11.70
11/20/1981,13.40
11/21/1981,12.60
11/22/1981,10.10
11/23/1981,15.80
11/24/1981,13.60
11/25/1981,11.90
11/26/1981,9.90
11/27/1981,12.60
11/28/1981,17.80
11/29/1981,15.00
11/30/1981,13.60
12/1/1981,13.40
12/2/1981,10.50
12/3/1981,14.20
12/4/1981,11.50
12/5/1981,13.00
12/6/1981,15.00
12/7/1981,14.70
12/8/1981,12.60
12/9/1981,12.50
12/10/1981,13.50
12/11/1981,14.80
12/12/1981,17.20
12/13/1981,9.70
12/14/1981,12.10
12/15/1981,12.80
12/16/1981,11.20
12/17/1981,16.40
12/18/1981,15.60
12/19/1981,13.30
12/20/1981,11.00
12/21/1981,11.10
12/22/1981,15.00
12/23/1981,12.80
12/24/1981,15.00
12/25/1981,14.20
12/26/1981,14.00
12/27/1981,15.50
12/28/1981,13.30
12/29/1981,15.60
12/30/1981,15.20
12/31/1981,17.40
1/1/1982,17.00
1/2/1982,15.00
1/3/1982,13.50
1/4/1982,15.20
1/5/1982,13.00
1/6/1982,12.50
1/7/1982,14.10
1/8/1982,14.80
1/9/1982,16.20
1/10/1982,15.80
1/11/1982,19.10
1/12/1982,22.20
1/13/1982,15.90
1/14/1982,13.00
1/15/1982,14.10
1/16/1982,15.80
1/17/1982,24.00
1/18/1982,18.00
1/19/1982,19.70
1/20/1982,25.20
1/21/1982,20.50
1/22/1982,19.30
1/23/1982,15.80
1/24/1982,17.00
1/25/1982,18.40
1/26/1982,13.30
1/27/1982,14.60
1/28/1982,12.50
1/29/1982,17.00
1/30/1982,17.10
1/31/1982,14.00
2/1/1982,14.60
2/2/1982,13.30
2/3/1982,14.80
2/4/1982,15.10
2/5/1982,13.10
2/6/1982,13.60
2/7/1982,19.50
2/8/1982,22.70
2/9/1982,17.20
2/10/1982,13.50
2/11/1982,15.40
2/12/1982,17.00
2/13/1982,19.20
2/14/1982,22.80
2/15/1982,26.30
2/16/1982,18.20
2/17/1982,17.00
2/18/1982,14.80
2/19/1982,12.80
2/20/1982,15.50
2/21/1982,15.60
2/22/1982,13.10
2/23/1982,15.20
2/24/1982,14.10
2/25/1982,12.50
2/26/1982,14.60
2/27/1982,10.40
2/28/1982,13.90
3/1/1982,11.90
3/2/1982,13.50
3/3/1982,9.80
3/4/1982,14.00
3/5/1982,21.50
3/6/1982,19.50
3/7/1982,16.70
3/8/1982,19.10
3/9/1982,11.00
3/10/1982,9.00
3/11/1982,10.00
3/12/1982,14.60
3/13/1982,12.50
3/14/1982,17.20
3/15/1982,19.20
3/16/1982,22.20
3/17/1982,15.70
3/18/1982,14.20
3/19/1982,9.80
3/20/1982,14.00
3/21/1982,17.50
3/22/1982,20.70
3/23/1982,15.60
3/24/1982,13.20
3/25/1982,14.50
3/26/1982,16.80
3/27/1982,17.20
3/28/1982,13.40
3/29/1982,14.20
3/30/1982,14.30
3/31/1982,10.20
4/1/1982,10.40
4/2/1982,12.30
4/3/1982,11.90
4/4/1982,11.20
4/5/1982,8.50
4/6/1982,12.00
4/7/1982,12.40
4/8/1982,12.90
4/9/1982,10.10
4/10/1982,15.00
4/11/1982,13.60
4/12/1982,12.40
4/13/1982,13.60
4/14/1982,16.10
4/15/1982,19.50
4/16/1982,14.20
4/17/1982,9.30
4/18/1982,10.10
4/19/1982,7.40
4/20/1982,8.60
4/21/1982,7.80
4/22/1982,9.10
4/23/1982,13.00
4/24/1982,16.50
4/25/1982,12.90
4/26/1982,6.90
4/27/1982,6.90
4/28/1982,8.70
4/29/1982,10.00
4/30/1982,10.80
5/1/1982,7.50
5/2/1982,6.30
5/3/1982,11.90
5/4/1982,13.80
5/5/1982,11.80
5/6/1982,11.00
5/7/1982,10.10
5/8/1982,8.50
5/9/1982,5.50
5/10/1982,7.60
5/11/1982,8.70
5/12/1982,10.80
5/13/1982,11.20
5/14/1982,9.10
5/15/1982,3.70
5/16/1982,4.60
5/17/1982,6.60
5/18/1982,13.20
5/19/1982,15.20
5/20/1982,7.60
5/21/1982,8.40
5/22/1982,6.00
5/23/1982,8.30
5/24/1982,8.60
5/25/1982,11.10
5/26/1982,12.10
5/27/1982,12.90
5/28/1982,14.00
5/29/1982,12.50
5/30/1982,11.50
5/31/1982,7.00
6/1/1982,7.10
6/2/1982,9.00
6/3/1982,3.10
6/4/1982,2.50
6/5/1982,0.00
6/6/1982,1.60
6/7/1982,2.60
6/8/1982,5.70
6/9/1982,2.30
6/10/1982,4.50
6/11/1982,8.20
6/12/1982,6.90
6/13/1982,7.30
6/14/1982,6.00
6/15/1982,7.30
6/16/1982,7.60
6/17/1982,8.00
6/18/1982,8.00
6/19/1982,6.80
6/20/1982,7.30
6/21/1982,6.20
6/22/1982,6.90
6/23/1982,8.90
6/24/1982,4.00
6/25/1982,1.30
6/26/1982,0.80
6/27/1982,4.30
6/28/1982,7.30
6/29/1982,7.70
6/30/1982,9.00
7/1/1982,4.20
7/2/1982,1.60
7/3/1982,2.60
7/4/1982,3.40
7/5/1982,3.90
7/6/1982,7.00
7/7/1982,7.80
7/8/1982,5.30
7/9/1982,2.40
7/10/1982,2.80
7/11/1982,4.00
7/12/1982,7.50
7/13/1982,7.80
7/14/1982,5.60
7/15/1982,3.30
7/16/1982,5.00
7/17/1982,3.70
7/18/1982,3.90
7/19/1982,5.20
7/20/1982,?0.2
7/21/1982,?0.8
7/22/1982,0.90
7/23/1982,3.50
7/24/1982,6.60
7/25/1982,9.50
7/26/1982,9.00
7/27/1982,3.50
7/28/1982,4.50
7/29/1982,5.70
7/30/1982,5.60
7/31/1982,7.10
8/1/1982,9.70
8/2/1982,8.30
8/3/1982,9.10
8/4/1982,2.80
8/5/1982,2.20
8/6/1982,4.50
8/7/1982,3.80
8/8/1982,3.80
8/9/1982,6.20
8/10/1982,11.50
8/11/1982,10.20
8/12/1982,7.90
8/13/1982,9.00
8/14/1982,9.50
8/15/1982,6.00
8/16/1982,8.20
8/17/1982,9.20
8/18/1982,4.30
8/19/1982,6.60
8/20/1982,9.40
8/21/1982,13.20
8/22/1982,6.60
8/23/1982,5.10
8/24/1982,12.10
8/25/1982,11.20
8/26/1982,8.50
8/27/1982,4.60
8/28/1982,7.00
8/29/1982,14.20
8/30/1982,12.70
8/31/1982,7.60
9/1/1982,4.00
9/2/1982,10.00
9/3/1982,10.50
9/4/1982,5.00
9/5/1982,4.50
9/6/1982,8.20
9/7/1982,4.30
9/8/1982,9.80
9/9/1982,5.80
9/10/1982,5.00
9/11/1982,8.50
9/12/1982,9.00
9/13/1982,3.60
9/14/1982,6.70
9/15/1982,6.70
9/16/1982,10.10
9/17/1982,15.00
9/18/1982,8.90
9/19/1982,5.70
9/20/1982,4.20
9/21/1982,4.00
9/22/1982,5.30
9/23/1982,6.30
9/24/1982,8.50
9/25/1982,11.50
9/26/1982,7.70
9/27/1982,9.20
9/28/1982,7.80
9/29/1982,6.30
9/30/1982,6.30
10/1/1982,8.60
10/2/1982,6.10
10/3/1982,13.20
10/4/1982,9.90
10/5/1982,4.70
10/6/1982,5.80
10/7/1982,14.90
10/8/1982,10.70
10/9/1982,8.60
10/10/1982,9.40
10/11/1982,5.70
10/12/1982,10.90
10/13/1982,13.10
10/14/1982,10.40
10/15/1982,8.20
10/16/1982,9.80
10/17/1982,7.50
10/18/1982,5.80
10/19/1982,9.80
10/20/1982,7.90
10/21/1982,8.70
10/22/1982,10.00
10/23/1982,10.60
10/24/1982,8.00
10/25/1982,10.20
10/26/1982,15.10
10/27/1982,13.90
10/28/1982,9.20
10/29/1982,9.00
10/30/1982,13.20
10/31/1982,7.00
11/1/1982,10.60
11/2/1982,6.90
11/3/1982,9.50
11/4/1982,12.50
11/5/1982,13.60
11/6/1982,17.70
11/7/1982,16.00
11/8/1982,11.30
11/9/1982,10.50
11/10/1982,14.40
11/11/1982,10.30
11/12/1982,9.00
11/13/1982,11.10
11/14/1982,14.50
11/15/1982,18.00
11/16/1982,12.80
11/17/1982,10.70
11/18/1982,9.10
11/19/1982,8.70
11/20/1982,12.40
11/21/1982,12.60
11/22/1982,10.30
11/23/1982,13.70
11/24/1982,16.00
11/25/1982,15.80
11/26/1982,12.10
11/27/1982,12.50
11/28/1982,12.20
11/29/1982,13.70
11/30/1982,16.10
12/1/1982,15.50
12/2/1982,10.30
12/3/1982,10.50
12/4/1982,11.00
12/5/1982,11.90
12/6/1982,13.00
12/7/1982,12.20
12/8/1982,10.60
12/9/1982,13.00
12/10/1982,13.00
12/11/1982,12.20
12/12/1982,12.60
12/13/1982,18.70
12/14/1982,15.20
12/15/1982,15.30
12/16/1982,13.90
12/17/1982,15.80
12/18/1982,13.00
12/19/1982,13.00
12/20/1982,13.70
12/21/1982,12.00
12/22/1982,10.80
12/23/1982,15.60
12/24/1982,15.30
12/25/1982,13.90
12/26/1982,13.00
12/27/1982,15.30
12/28/1982,16.30
12/29/1982,15.80
12/30/1982,17.70
12/31/1982,16.30
1/1/1983,18.40
1/2/1983,15.00
1/3/1983,10.90
1/4/1983,11.40
1/5/1983,14.80
1/6/1983,12.10
1/7/1983,12.80
1/8/1983,16.20
1/9/1983,15.50
1/10/1983,13.00
1/11/1983,10.50
1/12/1983,9.10
1/13/1983,10.50
1/14/1983,11.80
1/15/1983,12.70
1/16/1983,12.70
1/17/1983,11.50
1/18/1983,13.80
1/19/1983,13.30
1/20/1983,11.60
1/21/1983,15.40
1/22/1983,12.40
1/23/1983,16.90
1/24/1983,14.70
1/25/1983,10.60
1/26/1983,15.60
1/27/1983,10.70
1/28/1983,12.60
1/29/1983,13.80
1/30/1983,14.30
1/31/1983,14.00
2/1/1983,18.10
2/2/1983,17.30
2/3/1983,13.00
2/4/1983,16.00
2/5/1983,14.90
2/6/1983,16.20
2/7/1983,20.30
2/8/1983,22.50
2/9/1983,17.20
2/10/1983,15.90
2/11/1983,16.80
2/12/1983,13.80
2/13/1983,12.80
2/14/1983,14.00
2/15/1983,17.50
2/16/1983,21.50
2/17/1983,16.80
2/18/1983,13.60
2/19/1983,14.50
2/20/1983,14.20
2/21/1983,15.70
2/22/1983,19.70
2/23/1983,17.40
2/24/1983,14.40
2/25/1983,16.90
2/26/1983,19.10
2/27/1983,20.40
2/28/1983,20.10
3/1/1983,19.90
3/2/1983,22.00
3/3/1983,20.50
3/4/1983,22.10
3/5/1983,20.60
3/6/1983,15.00
3/7/1983,20.60
3/8/1983,21.50
3/9/1983,16.20
3/10/1983,14.10
3/11/1983,14.50
3/12/1983,21.10
3/13/1983,15.90
3/14/1983,15.20
3/15/1983,13.10
3/16/1983,13.20
3/17/1983,12.50
3/18/1983,15.20
3/19/1983,17.60
3/20/1983,15.50
3/21/1983,16.70
3/22/1983,16.30
3/23/1983,15.10
3/24/1983,12.70
3/25/1983,10.00
3/26/1983,11.40
3/27/1983,12.60
3/28/1983,10.70
3/29/1983,10.00
3/30/1983,13.90
3/31/1983,13.40
4/1/1983,12.50
4/2/1983,12.80
4/3/1983,7.80
4/4/1983,11.10
4/5/1983,10.70
4/6/1983,7.10
4/7/1983,6.70
4/8/1983,5.70
4/9/1983,9.10
4/10/1983,15.20
4/11/1983,15.50
4/12/1983,11.10
4/13/1983,11.70
4/14/1983,11.50
4/15/1983,9.80
4/16/1983,6.20
4/17/1983,6.70
4/18/1983,7.50
4/19/1983,8.80
4/20/1983,8.00
4/21/1983,10.40
4/22/1983,14.50
4/23/1983,16.50
4/24/1983,14.10
4/25/1983,10.50
4/26/1983,12.60
4/27/1983,13.00
4/28/1983,8.70
4/29/1983,10.10
4/30/1983,12.00
5/1/1983,12.50
5/2/1983,13.50
5/3/1983,13.70
5/4/1983,13.50
5/5/1983,10.70
5/6/1983,13.00
5/7/1983,11.60
5/8/1983,13.00
5/9/1983,11.20
5/10/1983,13.50
5/11/1983,12.90
5/12/1983,6.80
5/13/1983,10.00
5/14/1983,14.50
5/15/1983,11.70
5/16/1983,6.70
5/17/1983,4.60
5/18/1983,4.90
5/19/1983,7.40
5/20/1983,8.30
5/21/1983,7.50
5/22/1983,6.20
5/23/1983,7.80
5/24/1983,13.20
5/25/1983,11.90
5/26/1983,6.50
5/27/1983,8.30
5/28/1983,12.10
5/29/1983,9.30
5/30/1983,7.50
5/31/1983,9.30
6/1/1983,11.00
6/2/1983,10.80
6/3/1983,5.30
6/4/1983,7.60
6/5/1983,5.60
6/6/1983,7.20
6/7/1983,9.60
6/8/1983,7.00
6/9/1983,8.30
6/10/1983,7.80
6/11/1983,4.70
6/12/1983,6.80
6/13/1983,7.20
6/14/1983,8.30
6/15/1983,9.50
6/16/1983,4.70
6/17/1983,3.00
6/18/1983,1.50
6/19/1983,2.50
6/20/1983,6.20
6/21/1983,11.60
6/22/1983,6.60
6/23/1983,6.60
6/24/1983,8.00
6/25/1983,7.90
6/26/1983,3.30
6/27/1983,3.90
6/28/1983,6.00
6/29/1983,4.00
6/30/1983,5.50
7/1/1983,8.50
7/2/1983,9.80
7/3/1983,9.50
7/4/1983,7.20
7/5/1983,8.10
7/6/1983,8.00
7/7/1983,8.50
7/8/1983,8.80
7/9/1983,8.30
7/10/1983,2.40
7/11/1983,4.90
7/12/1983,5.90
7/13/1983,6.70
7/14/1983,8.40
7/15/1983,6.50
7/16/1983,7.90
7/17/1983,4.10
7/18/1983,5.40
7/19/1983,7.50
7/20/1983,3.90
7/21/1983,2.50
7/22/1983,5.30
7/23/1983,6.60
7/24/1983,0.00
7/25/1983,0.70
7/26/1983,7.60
7/27/1983,12.30
7/28/1983,9.20
7/29/1983,9.60
7/30/1983,9.50
7/31/1983,10.00
8/1/1983,7.70
8/2/1983,8.00
8/3/1983,8.30
8/4/1983,8.30
8/5/1983,4.50
8/6/1983,6.50
8/7/1983,9.40
8/8/1983,9.40
8/9/1983,10.50
8/10/1983,10.70
8/11/1983,9.90
8/12/1983,7.60
8/13/1983,5.80
8/14/1983,8.50
8/15/1983,13.80
8/16/1983,14.30
8/17/1983,8.30
8/18/1983,5.30
8/19/1983,3.00
8/20/1983,5.20
8/21/1983,10.30
8/22/1983,11.10
8/23/1983,10.50
8/24/1983,9.00
8/25/1983,13.00
8/26/1983,6.40
8/27/1983,8.40
8/28/1983,6.70
8/29/1983,8.30
8/30/1983,11.20
8/31/1983,10.00
9/1/1983,10.10
9/2/1983,10.60
9/3/1983,10.90
9/4/1983,5.70
9/5/1983,9.50
9/6/1983,10.40
9/7/1983,11.10
9/8/1983,12.20
9/9/1983,10.60
9/10/1983,8.80
9/11/1983,9.20
9/12/1983,5.50
9/13/1983,7.10
9/14/1983,6.50
9/15/1983,4.30
9/16/1983,5.00
9/17/1983,11.20
9/18/1983,7.50
9/19/1983,12.00
9/20/1983,13.60
9/21/1983,8.30
9/22/1983,8.50
9/23/1983,12.90
9/24/1983,7.70
9/25/1983,7.60
9/26/1983,3.50
9/27/1983,10.40
9/28/1983,15.40
9/29/1983,10.60
9/30/1983,9.60
10/1/1983,9.30
10/2/1983,13.90
10/3/1983,7.70
10/4/1983,9.50
10/5/1983,7.60
10/6/1983,6.90
10/7/1983,6.80
10/8/1983,5.80
10/9/1983,6.00
10/10/1983,8.30
10/11/1983,9.10
10/12/1983,12.50
10/13/1983,13.20
10/14/1983,16.20
10/15/1983,12.50
10/16/1983,11.80
10/17/1983,10.60
10/18/1983,10.00
10/19/1983,12.20
10/20/1983,8.90
10/21/1983,10.30
10/22/1983,7.50
10/23/1983,11.60
10/24/1983,12.60
10/25/1983,12.90
10/26/1983,11.70
10/27/1983,14.00
10/28/1983,12.30
10/29/1983,9.00
10/30/1983,9.20
10/31/1983,9.80
11/1/1983,11.80
11/2/1983,10.60
11/3/1983,12.60
11/4/1983,11.00
11/5/1983,8.20
11/6/1983,7.50
11/7/1983,13.60
11/8/1983,14.80
11/9/1983,10.90
11/10/1983,7.70
11/11/1983,10.20
11/12/1983,10.80
11/13/1983,10.80
11/14/1983,12.50
11/15/1983,13.20
11/16/1983,8.70
11/17/1983,5.70
11/18/1983,9.80
11/19/1983,7.30
11/20/1983,10.80
11/21/1983,10.00
11/22/1983,16.20
11/23/1983,15.00
11/24/1983,14.50
11/25/1983,15.90
11/26/1983,14.90
11/27/1983,14.20
11/28/1983,15.80
11/29/1983,17.20
11/30/1983,17.60
12/1/1983,12.10
12/2/1983,11.40
12/3/1983,13.00
12/4/1983,13.20
12/5/1983,12.00
12/6/1983,15.30
12/7/1983,12.70
12/8/1983,12.10
12/9/1983,13.80
12/10/1983,10.90
12/11/1983,12.00
12/12/1983,16.50
12/13/1983,15.00
12/14/1983,11.20
12/15/1983,13.90
12/16/1983,15.00
12/17/1983,14.80
12/18/1983,15.00
12/19/1983,13.30
12/20/1983,20.40
12/21/1983,18.00
12/22/1983,12.20
12/23/1983,16.70
12/24/1983,13.80
12/25/1983,17.50
12/26/1983,15.00
12/27/1983,13.90
12/28/1983,11.10
12/29/1983,16.10
12/30/1983,20.40
12/31/1983,18.00
1/1/1984,19.50
1/2/1984,17.10
1/3/1984,17.10
1/4/1984,12.00
1/5/1984,11.00
1/6/1984,16.30
1/7/1984,16.10
1/8/1984,13.00
1/9/1984,13.40
1/10/1984,15.20
1/11/1984,12.50
1/12/1984,14.30
1/13/1984,16.50
1/14/1984,18.60
1/15/1984,18.00
1/16/1984,18.20
1/17/1984,11.40
1/18/1984,11.90
1/19/1984,12.20
1/20/1984,14.80
1/21/1984,13.10
1/22/1984,12.70
1/23/1984,10.50
1/24/1984,13.80
1/25/1984,18.80
1/26/1984,13.90
1/27/1984,11.20
1/28/1984,10.60
1/29/1984,14.70
1/30/1984,13.10
1/31/1984,12.10
2/1/1984,14.70
2/2/1984,11.10
2/3/1984,13.00
2/4/1984,15.60
2/5/1984,14.20
2/6/1984,15.50
2/7/1984,18.00
2/8/1984,15.00
2/9/1984,15.90
2/10/1984,15.50
2/11/1984,15.80
2/12/1984,16.60
2/13/1984,13.60
2/14/1984,13.80
2/15/1984,14.60
2/16/1984,15.60
2/17/1984,16.60
2/18/1984,14.30
2/19/1984,16.30
2/20/1984,18.90
2/21/1984,18.70
2/22/1984,14.50
2/23/1984,16.50
2/24/1984,14.10
2/25/1984,13.50
2/26/1984,11.70
2/27/1984,15.10
2/28/1984,11.20
2/29/1984,13.50
3/1/1984,12.60
3/2/1984,8.80
3/3/1984,10.50
3/4/1984,12.10
3/5/1984,14.50
3/6/1984,19.50
3/7/1984,14.00
3/8/1984,13.80
3/9/1984,10.50
3/10/1984,13.80
3/11/1984,11.40
3/12/1984,15.60
3/13/1984,11.10
3/14/1984,12.10
3/15/1984,14.20
3/16/1984,10.90
3/17/1984,14.20
3/18/1984,13.80
3/19/1984,15.10
3/20/1984,14.00
3/21/1984,12.10
3/22/1984,13.80
3/23/1984,16.60
3/24/1984,17.80
3/25/1984,9.40
3/26/1984,10.20
3/27/1984,7.40
3/28/1984,8.70
3/29/1984,14.00
3/30/1984,15.30
3/31/1984,11.10
4/1/1984,9.70
4/2/1984,10.30
4/3/1984,9.20
4/4/1984,8.20
4/5/1984,9.70
4/6/1984,12.40
4/7/1984,12.50
4/8/1984,9.00
4/9/1984,9.70
4/10/1984,10.10
4/11/1984,11.20
4/12/1984,12.00
4/13/1984,11.10
4/14/1984,10.80
4/15/1984,12.80
4/16/1984,9.80
4/17/1984,13.70
4/18/1984,11.00
4/19/1984,13.20
4/20/1984,13.00
4/21/1984,10.20
4/22/1984,13.20
4/23/1984,9.30
4/24/1984,11.10
4/25/1984,10.30
4/26/1984,8.70
4/27/1984,11.70
4/28/1984,12.50
4/29/1984,6.50
4/30/1984,9.60
5/1/1984,13.80
5/2/1984,14.70
5/3/1984,9.10
5/4/1984,4.80
5/5/1984,3.30
5/6/1984,3.50
5/7/1984,5.70
5/8/1984,5.50
5/9/1984,7.00
5/10/1984,9.50
5/11/1984,9.90
5/12/1984,4.90
5/13/1984,6.30
5/14/1984,4.80
5/15/1984,6.20
5/16/1984,7.10
5/17/1984,7.50
5/18/1984,9.40
5/19/1984,8.70
5/20/1984,9.50
5/21/1984,12.10
5/22/1984,9.50
5/23/1984,9.30
5/24/1984,8.50
5/25/1984,8.00
5/26/1984,9.80
5/27/1984,6.20
5/28/1984,7.30
5/29/1984,10.90
5/30/1984,10.00
5/31/1984,8.70
6/1/1984,9.00
6/2/1984,10.80
6/3/1984,12.40
6/4/1984,7.20
6/5/1984,7.20
6/6/1984,11.10
6/7/1984,9.30
6/8/1984,10.10
6/9/1984,3.90
6/10/1984,5.00
6/11/1984,8.20
6/12/1984,2.80
6/13/1984,4.30
6/14/1984,8.10
6/15/1984,11.10
6/16/1984,4.70
6/17/1984,5.30
6/18/1984,10.00
6/19/1984,5.60
6/20/1984,2.20
6/21/1984,7.10
6/22/1984,8.30
6/23/1984,8.60
6/24/1984,10.10
6/25/1984,8.30
6/26/1984,7.20
6/27/1984,7.70
6/28/1984,7.80
6/29/1984,9.10
6/30/1984,9.40
7/1/1984,7.80
7/2/1984,2.60
7/3/1984,2.40
7/4/1984,3.90
7/5/1984,1.30
7/6/1984,2.10
7/7/1984,7.40
7/8/1984,7.20
7/9/1984,8.80
7/10/1984,8.90
7/11/1984,8.80
7/12/1984,8.00
7/13/1984,0.70
7/14/1984,?0.1
7/15/1984,0.90
7/16/1984,7.80
7/17/1984,7.20
7/18/1984,8.00
7/19/1984,4.60
7/20/1984,5.20
7/21/1984,5.80
7/22/1984,6.80
7/23/1984,8.10
7/24/1984,7.50
7/25/1984,5.40
7/26/1984,4.60
7/27/1984,6.40
7/28/1984,9.70
7/29/1984,7.00
7/30/1984,10.00
7/31/1984,10.60
8/1/1984,11.50
8/2/1984,10.20
8/3/1984,11.10
8/4/1984,11.00
8/5/1984,8.90
8/6/1984,9.90
8/7/1984,11.70
8/8/1984,11.60
8/9/1984,9.00
8/10/1984,6.30
8/11/1984,8.70
8/12/1984,8.50
8/13/1984,8.50
8/14/1984,8.00
8/15/1984,6.00
8/16/1984,8.00
8/17/1984,8.50
8/18/1984,7.70
8/19/1984,8.40
8/20/1984,9.00
8/21/1984,8.30
8/22/1984,6.80
8/23/1984,9.30
8/24/1984,6.70
8/25/1984,9.00
8/26/1984,7.30
8/27/1984,6.30
8/28/1984,7.90
8/29/1984,5.20
8/30/1984,9.00
8/31/1984,11.30
9/1/1984,9.20
9/2/1984,11.30
9/3/1984,7.00
9/4/1984,8.00
9/5/1984,4.60
9/6/1984,8.50
9/7/1984,9.50
9/8/1984,9.40
9/9/1984,10.50
9/10/1984,9.70
9/11/1984,4.90
9/12/1984,8.00
9/13/1984,5.80
9/14/1984,5.50
9/15/1984,10.90
9/16/1984,11.70
9/17/1984,9.20
9/18/1984,8.90
9/19/1984,11.30
9/20/1984,8.60
9/21/1984,6.20
9/22/1984,6.60
9/23/1984,9.10
9/24/1984,6.10
9/25/1984,7.50
9/26/1984,10.70
9/27/1984,6.30
9/28/1984,5.50
9/29/1984,6.70
9/30/1984,4.20
10/1/1984,11.30
10/2/1984,16.30
10/3/1984,10.50
10/4/1984,10.30
10/5/1984,7.90
10/6/1984,7.70
10/7/1984,16.00
10/8/1984,14.60
10/9/1984,12.50
10/10/1984,8.10
10/11/1984,12.20
10/12/1984,17.20
10/13/1984,9.40
10/14/1984,8.70
10/15/1984,5.90
10/16/1984,4.80
10/17/1984,7.40
10/18/1984,9.40
10/19/1984,9.70
10/20/1984,9.90
10/21/1984,6.50
10/22/1984,9.80
10/23/1984,18.20
10/24/1984,11.30
10/25/1984,9.10
10/26/1984,9.60
10/27/1984,13.50
10/28/1984,10.70
10/29/1984,10.00
10/30/1984,8.50
10/31/1984,12.60
11/1/1984,16.60
11/2/1984,11.60
11/3/1984,12.20
11/4/1984,11.20
11/5/1984,9.20
11/6/1984,9.90
11/7/1984,11.90
11/8/1984,15.60
11/9/1984,19.00
11/10/1984,12.80
11/11/1984,12.20
11/12/1984,12.00
11/13/1984,11.10
11/14/1984,11.80
11/15/1984,7.60
11/16/1984,13.00
11/17/1984,12.70
11/18/1984,16.00
11/19/1984,14.80
11/20/1984,14.20
11/21/1984,10.00
11/22/1984,8.80
11/23/1984,11.60
11/24/1984,8.60
11/25/1984,14.60
11/26/1984,24.30
11/27/1984,11.60
11/28/1984,10.80
11/29/1984,12.00
11/30/1984,11.00
12/1/1984,12.60
12/2/1984,10.80
12/3/1984,9.10
12/4/1984,11.00
12/5/1984,13.00
12/6/1984,12.80
12/7/1984,9.90
12/8/1984,11.60
12/9/1984,10.50
12/10/1984,15.90
12/11/1984,12.20
12/12/1984,13.00
12/13/1984,12.50
12/14/1984,12.50
12/15/1984,11.40
12/16/1984,12.10
12/17/1984,16.80
12/18/1984,12.10
12/19/1984,11.30
12/20/1984,10.40
12/21/1984,14.20
12/22/1984,11.40
12/23/1984,13.70
12/24/1984,16.50
12/25/1984,12.80
12/26/1984,12.20
12/27/1984,12.00
12/28/1984,12.60
12/29/1984,16.00
12/30/1984,16.40
1/1/1985,13.30
1/2/1985,15.20
1/3/1985,13.10
1/4/1985,12.70
1/5/1985,14.60
1/6/1985,11.00
1/7/1985,13.20
1/8/1985,12.20
1/9/1985,14.40
1/10/1985,13.70
1/11/1985,14.50
1/12/1985,14.10
1/13/1985,14.40
1/14/1985,19.70
1/15/1985,16.50
1/16/1985,15.90
1/17/1985,11.80
1/18/1985,12.00
1/19/1985,11.40
1/20/1985,14.40
1/21/1985,12.40
1/22/1985,15.10
1/23/1985,15.60
1/24/1985,15.20
1/25/1985,12.80
1/26/1985,13.30
1/27/1985,17.50
1/28/1985,15.40
1/29/1985,13.50
1/30/1985,16.70
1/31/1985,15.20
2/1/1985,14.90
2/2/1985,10.20
2/3/1985,13.60
2/4/1985,19.00
2/5/1985,15.70
2/6/1985,18.00
2/7/1985,14.80
2/8/1985,13.90
2/9/1985,13.00
2/10/1985,15.30
2/11/1985,14.30
2/12/1985,15.60
2/13/1985,16.00
2/14/1985,14.90
2/15/1985,11.10
2/16/1985,14.80
2/17/1985,13.00
2/18/1985,12.20
2/19/1985,10.90
2/20/1985,14.60
2/21/1985,16.60
2/22/1985,18.10
2/23/1985,13.40
2/24/1985,10.30
2/25/1985,13.60
2/26/1985,13.80
2/27/1985,10.30
2/28/1985,11.00
3/1/1985,14.30
3/2/1985,15.50
3/3/1985,14.70
3/4/1985,12.70
3/5/1985,10.70
3/6/1985,12.60
3/7/1985,9.80
3/8/1985,13.20
3/9/1985,15.20
3/10/1985,16.60
3/11/1985,21.00
3/12/1985,22.40
3/13/1985,17.00
3/14/1985,21.70
3/15/1985,21.40
3/16/1985,18.60
3/17/1985,16.20
3/18/1985,16.80
3/19/1985,17.00
3/20/1985,18.40
3/21/1985,17.20
3/22/1985,18.40
3/23/1985,18.80
3/24/1985,16.50
3/25/1985,13.30
3/26/1985,12.20
3/27/1985,11.30
3/28/1985,13.80
3/29/1985,16.60
3/30/1985,14.00
3/31/1985,14.30
4/1/1985,16.40
4/2/1985,11.90
4/3/1985,15.70
4/4/1985,17.60
4/5/1985,17.50
4/6/1985,15.90
4/7/1985,16.20
4/8/1985,16.00
4/9/1985,15.90
4/10/1985,16.20
4/11/1985,16.20
4/12/1985,19.50
4/13/1985,18.20
4/14/1985,21.80
4/15/1985,15.10
4/16/1985,11.00
4/17/1985,8.10
4/18/1985,9.50
4/19/1985,9.30
4/20/1985,10.60
4/21/1985,6.30
4/22/1985,8.60
4/23/1985,6.80
4/24/1985,8.70
4/25/1985,8.40
4/26/1985,9.30
4/27/1985,10.00
4/28/1985,10.50
4/29/1985,12.00
4/30/1985,10.10
5/1/1985,9.40
5/2/1985,10.10
5/3/1985,8.00
5/4/1985,10.60
5/5/1985,13.60
5/6/1985,15.40
5/7/1985,9.00
5/8/1985,10.40
5/9/1985,11.00
5/10/1985,12.10
5/11/1985,13.40
5/12/1985,11.30
5/13/1985,6.70
5/14/1985,9.80
5/15/1985,10.80
5/16/1985,7.80
5/17/1985,4.50
5/18/1985,7.60
5/19/1985,6.90
5/20/1985,7.50
5/21/1985,8.50
5/22/1985,5.50
5/23/1985,9.50
5/24/1985,7.30
5/25/1985,5.40
5/26/1985,5.50
5/27/1985,8.10
5/28/1985,11.20
5/29/1985,13.40
5/30/1985,11.60
5/31/1985,10.10
6/1/1985,4.30
6/2/1985,5.50
6/3/1985,4.40
6/4/1985,5.90
6/5/1985,5.70
6/6/1985,8.20
6/7/1985,8.20
6/8/1985,4.20
6/9/1985,6.50
6/10/1985,10.00
6/11/1985,8.80
6/12/1985,6.60
6/13/1985,7.80
6/14/1985,10.10
6/15/1985,7.10
6/16/1985,7.70
6/17/1985,8.50
6/18/1985,7.30
6/19/1985,6.90
6/20/1985,8.40
6/21/1985,7.10
6/22/1985,6.30
6/23/1985,0.60
6/24/1985,1.60
6/25/1985,7.00
6/26/1985,8.30
6/27/1985,8.00
6/28/1985,10.20
6/29/1985,10.60
6/30/1985,10.40
7/1/1985,11.60
7/2/1985,11.00
7/3/1985,10.70
7/4/1985,7.30
7/5/1985,4.20
7/6/1985,4.70
7/7/1985,5.60
7/8/1985,7.70
7/9/1985,7.50
7/10/1985,4.90
7/11/1985,5.90
7/12/1985,7.80
7/13/1985,5.80
7/14/1985,7.00
7/15/1985,8.40
7/16/1985,6.20
7/17/1985,7.50
7/18/1985,4.80
7/19/1985,3.30
7/20/1985,3.20
7/21/1985,7.00
7/22/1985,8.40
7/23/1985,0.30
7/24/1985,0.30
7/25/1985,2.10
7/26/1985,8.50
7/27/1985,1.40
7/28/1985,4.10
7/29/1985,10.30
7/30/1985,6.60
7/31/1985,6.10
8/1/1985,7.00
8/2/1985,5.10
8/3/1985,6.30
8/4/1985,6.90
8/5/1985,11.40
8/6/1985,10.40
8/7/1985,10.30
8/8/1985,9.20
8/9/1985,7.20
8/10/1985,7.50
8/11/1985,4.00
8/12/1985,5.60
8/13/1985,6.70
8/14/1985,8.40
8/15/1985,11.00
8/16/1985,8.40
8/17/1985,8.80
8/18/1985,8.60
8/19/1985,8.30
8/20/1985,4.00
8/21/1985,3.60
8/22/1985,5.70
8/23/1985,10.60
8/24/1985,6.90
8/25/1985,10.00
8/26/1985,9.80
8/27/1985,7.20
8/28/1985,10.50
8/29/1985,3.60
8/30/1985,5.30
8/31/1985,8.40
9/1/1985,10.30
9/2/1985,7.90
9/3/1985,8.50
9/4/1985,7.90
9/5/1985,8.00
9/6/1985,9.80
9/7/1985,6.70
9/8/1985,4.80
9/9/1985,9.90
9/10/1985,12.80
9/11/1985,10.90
9/12/1985,11.70
9/13/1985,11.70
9/14/1985,11.00
9/15/1985,8.20
9/16/1985,7.50
9/17/1985,5.40
9/18/1985,7.20
9/19/1985,9.70
9/20/1985,8.40
9/21/1985,9.00
9/22/1985,8.70
9/23/1985,6.60
9/24/1985,11.60
9/25/1985,13.10
9/26/1985,6.70
9/27/1985,6.50
9/28/1985,7.70
9/29/1985,8.70
9/30/1985,7.20
10/1/1985,10.50
10/2/1985,8.60
10/3/1985,7.20
10/4/1985,11.40
10/5/1985,16.20
10/6/1985,6.10
10/7/1985,9.60
10/8/1985,11.10
10/9/1985,13.60
10/10/1985,10.70
10/11/1985,14.70
10/12/1985,11.60
10/13/1985,7.30
10/14/1985,8.00
10/15/1985,9.60
10/16/1985,16.00
10/17/1985,15.10
10/18/1985,12.80
10/19/1985,6.20
10/20/1985,7.10
10/21/1985,8.40
10/22/1985,10.00
10/23/1985,12.70
10/24/1985,10.00
10/25/1985,10.20
10/26/1985,6.50
10/27/1985,9.20
10/28/1985,11.90
10/29/1985,14.70
10/30/1985,11.40
10/31/1985,6.80
11/1/1985,7.40
11/2/1985,11.20
11/3/1985,9.20
11/4/1985,12.60
11/5/1985,16.00
11/6/1985,17.10
11/7/1985,15.30
11/8/1985,13.30
11/9/1985,15.40
11/10/1985,13.20
11/11/1985,14.40
11/12/1985,14.00
11/13/1985,15.50
11/14/1985,21.00
11/15/1985,10.00
11/16/1985,9.60
11/17/1985,12.00
11/18/1985,12.20
11/19/1985,11.30
11/20/1985,13.20
11/21/1985,10.50
11/22/1985,10.10
11/23/1985,8.80
11/24/1985,13.70
11/25/1985,16.20
11/26/1985,16.00
11/27/1985,14.00
11/28/1985,13.70
11/29/1985,12.50
11/30/1985,12.80
12/1/1985,12.30
12/2/1985,15.20
12/3/1985,15.00
12/4/1985,16.40
12/5/1985,16.10
12/6/1985,14.60
12/7/1985,18.20
12/8/1985,16.40
12/9/1985,16.60
12/10/1985,14.70
12/11/1985,15.80
12/12/1985,14.10
12/13/1985,13.50
12/14/1985,13.60
12/15/1985,13.70
12/16/1985,13.60
12/17/1985,12.10
12/18/1985,12.70
12/19/1985,13.30
12/20/1985,14.20
12/21/1985,15.00
12/22/1985,13.70
12/23/1985,12.00
12/24/1985,13.10
12/25/1985,13.20
12/26/1985,13.30
12/27/1985,11.50
12/28/1985,10.80
12/29/1985,12.00
12/30/1985,16.30
12/31/1985,14.40
1/1/1986,12.90
1/2/1986,13.80
1/3/1986,10.60
1/4/1986,12.60
1/5/1986,13.70
1/6/1986,12.60
1/7/1986,13.10
1/8/1986,15.40
1/9/1986,11.90
1/10/1986,13.80
1/11/1986,14.40
1/12/1986,15.20
1/13/1986,12.50
1/14/1986,12.20
1/15/1986,16.10
1/16/1986,14.60
1/17/1986,11.60
1/18/1986,13.10
1/19/1986,12.80
1/20/1986,15.20
1/21/1986,13.80
1/22/1986,15.00
1/23/1986,13.50
1/24/1986,11.80
1/25/1986,15.30
1/26/1986,13.50
1/27/1986,15.30
1/28/1986,13.80
1/29/1986,15.80
1/30/1986,17.40
1/31/1986,15.30
2/1/1986,14.60
2/2/1986,14.80
2/3/1986,10.70
2/4/1986,11.60
2/5/1986,13.60
2/6/1986,14.40
2/7/1986,11.80
2/8/1986,15.80
2/9/1986,16.00
2/10/1986,11.80
2/11/1986,14.50
2/12/1986,10.70
2/13/1986,14.20
2/14/1986,19.50
2/15/1986,21.40
2/16/1986,17.90
2/17/1986,17.40
2/18/1986,12.70
2/19/1986,13.80
2/20/1986,14.00
2/21/1986,15.00
2/22/1986,14.50
2/23/1986,13.10
2/24/1986,11.40
2/25/1986,12.50
2/26/1986,12.00
2/27/1986,13.40
2/28/1986,14.40
3/1/1986,17.70
3/2/1986,13.90
3/3/1986,13.30
3/4/1986,14.60
3/5/1986,16.40
3/6/1986,16.80
3/7/1986,20.00
3/8/1986,12.50
3/9/1986,12.70
3/10/1986,11.70
3/11/1986,12.70
3/12/1986,8.60
3/13/1986,11.90
3/14/1986,16.00
3/15/1986,15.20
3/16/1986,13.40
3/17/1986,11.60
3/18/1986,11.10
3/19/1986,15.60
3/20/1986,17.00
3/21/1986,18.50
3/22/1986,17.40
3/23/1986,16.50
3/24/1986,16.20
3/25/1986,16.10
3/26/1986,13.20
3/27/1986,18.00
3/28/1986,12.80
3/29/1986,11.70
3/30/1986,16.70
3/31/1986,15.60
4/1/1986,10.20
4/2/1986,10.30
4/3/1986,15.00
4/4/1986,18.00
4/5/1986,13.80
4/6/1986,10.50
4/7/1986,11.80
4/8/1986,7.20
4/9/1986,11.60
4/10/1986,7.40
4/11/1986,14.20
4/12/1986,12.20
4/13/1986,9.00
4/14/1986,12.30
4/15/1986,19.70
4/16/1986,12.80
4/17/1986,12.40
4/18/1986,12.00
4/19/1986,12.00
4/20/1986,11.10
4/21/1986,12.70
4/22/1986,14.20
4/23/1986,11.60
4/24/1986,12.00
4/25/1986,11.50
4/26/1986,8.30
4/27/1986,10.50
4/28/1986,9.00
4/29/1986,6.90
4/30/1986,9.40
5/1/1986,11.10
5/2/1986,9.10
5/3/1986,7.70
5/4/1986,10.00
5/5/1986,10.40
5/6/1986,8.00
5/7/1986,9.80
5/8/1986,12.40
5/9/1986,12.90
5/10/1986,12.30
5/11/1986,6.90
5/12/1986,10.50
5/13/1986,11.00
5/14/1986,9.70
5/15/1986,11.10
5/16/1986,11.50
5/17/1986,13.40
5/18/1986,10.90
5/19/1986,12.00
5/20/1986,12.10
5/21/1986,10.40
5/22/1986,10.00
5/23/1986,9.60
5/24/1986,11.30
5/25/1986,8.50
5/26/1986,6.30
5/27/1986,8.20
5/28/1986,10.70
5/29/1986,10.30
5/30/1986,9.50
5/31/1986,10.90
6/1/1986,10.90
6/2/1986,4.30
6/3/1986,5.20
6/4/1986,11.00
6/5/1986,11.60
6/6/1986,10.60
6/7/1986,9.40
6/8/1986,10.00
6/9/1986,9.60
6/10/1986,9.50
6/11/1986,9.70
6/12/1986,9.60
6/13/1986,7.00
6/14/1986,7.00
6/15/1986,6.80
6/16/1986,6.90
6/17/1986,8.00
6/18/1986,7.60
6/19/1986,8.60
6/20/1986,5.70
6/21/1986,5.50
6/22/1986,5.70
6/23/1986,5.70
6/24/1986,6.60
6/25/1986,6.00
6/26/1986,6.90
6/27/1986,7.70
6/28/1986,8.00
6/29/1986,3.90
6/30/1986,0.80
7/1/1986,2.80
7/2/1986,8.00
7/3/1986,9.80
7/4/1986,11.40
7/5/1986,8.60
7/6/1986,5.20
7/7/1986,6.60
7/8/1986,5.70
7/9/1986,4.60
7/10/1986,5.80
7/11/1986,7.00
7/12/1986,4.80
7/13/1986,4.40
7/14/1986,4.40
7/15/1986,7.90
7/16/1986,10.60
7/17/1986,5.00
7/18/1986,7.60
7/19/1986,9.20
7/20/1986,9.70
7/21/1986,8.80
7/22/1986,6.80
7/23/1986,9.40
7/24/1986,11.00
7/25/1986,2.50
7/26/1986,2.10
7/27/1986,5.40
7/28/1986,6.20
7/29/1986,7.80
7/30/1986,7.40
7/31/1986,9.30
8/1/1986,9.30
8/2/1986,9.50
8/3/1986,8.50
8/4/1986,10.00
8/5/1986,7.70
8/6/1986,9.30
8/7/1986,9.10
8/8/1986,3.50
8/9/1986,3.60
8/10/1986,2.50
8/11/1986,1.70
8/12/1986,2.70
8/13/1986,2.90
8/14/1986,5.30
8/15/1986,7.70
8/16/1986,9.10
8/17/1986,9.40
8/18/1986,7.30
8/19/1986,8.40
8/20/1986,9.20
8/21/1986,6.60
8/22/1986,9.70
8/23/1986,12.40
8/24/1986,10.20
8/25/1986,5.90
8/26/1986,7.10
8/27/1986,7.50
8/28/1986,9.70
8/29/1986,12.20
8/30/1986,5.60
8/31/1986,5.40
9/1/1986,8.30
9/2/1986,10.60
9/3/1986,9.10
9/4/1986,11.30
9/5/1986,10.90
9/6/1986,8.90
9/7/1986,6.30
9/8/1986,9.00
9/9/1986,6.10
9/10/1986,9.10
9/11/1986,9.60
9/12/1986,6.00
9/13/1986,10.00
9/14/1986,11.00
9/15/1986,6.20
9/16/1986,8.30
9/17/1986,11.30
9/18/1986,11.30
9/19/1986,6.70
9/20/1986,6.60
9/21/1986,11.40
9/22/1986,6.90
9/23/1986,10.60
9/24/1986,8.60
9/25/1986,11.30
9/26/1986,12.50
9/27/1986,9.90
9/28/1986,6.90
9/29/1986,5.50
9/30/1986,7.80
10/1/1986,11.00
10/2/1986,16.20
10/3/1986,9.90
10/4/1986,8.70
10/5/1986,10.50
10/6/1986,12.20
10/7/1986,10.60
10/8/1986,8.30
10/9/1986,5.50
10/10/1986,9.00
10/11/1986,6.40
10/12/1986,7.20
10/13/1986,12.90
10/14/1986,12.00
10/15/1986,7.30
10/16/1986,9.70
10/17/1986,8.40
10/18/1986,14.70
10/19/1986,9.50
10/20/1986,7.90
10/21/1986,6.80
10/22/1986,12.60
10/23/1986,5.20
10/24/1986,7.50
10/25/1986,8.70
10/26/1986,7.60
10/27/1986,9.00
10/28/1986,7.20
10/29/1986,10.70
10/30/1986,13.10
10/31/1986,13.90
11/1/1986,10.80
11/2/1986,10.40
11/3/1986,9.10
11/4/1986,16.00
11/5/1986,21.00
11/6/1986,16.20
11/7/1986,8.60
11/8/1986,9.20
11/9/1986,12.50
11/10/1986,9.70
11/11/1986,12.50
11/12/1986,10.30
11/13/1986,12.00
11/14/1986,11.00
11/15/1986,14.80
11/16/1986,15.00
11/17/1986,15.30
11/18/1986,10.30
11/19/1986,10.70
11/20/1986,10.50
11/21/1986,8.90
11/22/1986,8.10
11/23/1986,11.50
11/24/1986,12.80
11/25/1986,9.10
11/26/1986,14.60
11/27/1986,11.60
11/28/1986,11.20
11/29/1986,12.60
11/30/1986,7.50
12/1/1986,11.00
12/2/1986,14.50
12/3/1986,18.50
12/4/1986,15.40
12/5/1986,13.10
12/6/1986,16.30
12/7/1986,20.20
12/8/1986,11.50
12/9/1986,12.40
12/10/1986,10.90
12/11/1986,12.70
12/12/1986,12.20
12/13/1986,12.40
12/14/1986,9.80
12/15/1986,8.50
12/16/1986,14.70
12/17/1986,12.00
12/18/1986,10.30
12/19/1986,11.00
12/20/1986,10.20
12/21/1986,12.60
12/22/1986,11.60
12/23/1986,9.70
12/24/1986,13.40
12/25/1986,10.50
12/26/1986,14.70
12/27/1986,14.60
12/28/1986,14.20
12/29/1986,13.20
12/30/1986,11.70
12/31/1986,17.20
1/1/1987,12.30
1/2/1987,13.80
1/3/1987,15.30
1/4/1987,15.60
1/5/1987,16.20
1/6/1987,16.30
1/7/1987,16.80
1/8/1987,11.00
1/9/1987,8.50
1/10/1987,13.20
1/11/1987,13.00
1/12/1987,12.40
1/13/1987,13.00
1/14/1987,16.60
1/15/1987,12.00
1/16/1987,12.40
1/17/1987,15.00
1/18/1987,11.80
1/19/1987,11.60
1/20/1987,12.20
1/21/1987,13.70
1/22/1987,11.20
1/23/1987,12.40
1/24/1987,11.50
1/25/1987,13.80
1/26/1987,15.70
1/27/1987,12.90
1/28/1987,11.50
1/29/1987,11.00
1/30/1987,12.70
1/31/1987,14.90
2/1/1987,16.50
2/2/1987,12.80
2/3/1987,12.70
2/4/1987,12.70
2/5/1987,11.60
2/6/1987,13.30
2/7/1987,15.20
2/8/1987,16.40
2/9/1987,11.90
2/10/1987,15.10
2/11/1987,10.60
2/12/1987,13.60
2/13/1987,12.10
2/14/1987,16.00
2/15/1987,16.80
2/16/1987,16.60
2/17/1987,15.60
2/18/1987,15.20
2/19/1987,17.70
2/20/1987,21.00
2/21/1987,13.40
2/22/1987,10.50
2/23/1987,9.50
2/24/1987,12.00
2/25/1987,10.40
2/26/1987,11.50
2/27/1987,13.20
2/28/1987,15.00
3/1/1987,14.10
3/2/1987,12.40
3/3/1987,13.40
3/4/1987,12.50
3/5/1987,14.30
3/6/1987,17.60
3/7/1987,10.40
3/8/1987,9.90
3/9/1987,10.20
3/10/1987,11.30
3/11/1987,9.50
3/12/1987,11.80
3/13/1987,11.50
3/14/1987,10.50
3/15/1987,10.80
3/16/1987,13.00
3/17/1987,18.50
3/18/1987,18.70
3/19/1987,15.00
3/20/1987,13.00
3/21/1987,11.30
3/22/1987,13.00
3/23/1987,13.30
3/24/1987,11.00
3/25/1987,10.30
3/26/1987,13.00
3/27/1987,12.30
3/28/1987,15.60
3/29/1987,10.20
3/30/1987,10.80
3/31/1987,12.00
4/1/1987,13.30
4/2/1987,11.70
4/3/1987,12.50
4/4/1987,13.70
4/5/1987,14.90
4/6/1987,20.20
4/7/1987,16.30
4/8/1987,13.90
4/9/1987,10.10
4/10/1987,7.30
4/11/1987,14.00
4/12/1987,17.70
4/13/1987,16.30
4/14/1987,10.60
4/15/1987,9.70
4/16/1987,7.80
4/17/1987,10.40
4/18/1987,10.40
4/19/1987,14.10
4/20/1987,7.10
4/21/1987,8.10
4/22/1987,7.80
4/23/1987,10.60
4/24/1987,9.10
4/25/1987,9.00
4/26/1987,11.90
4/27/1987,17.10
4/28/1987,16.80
4/29/1987,13.50
4/30/1987,11.60
5/1/1987,7.00
5/2/1987,9.70
5/3/1987,9.90
5/4/1987,11.20
5/5/1987,11.30
5/6/1987,11.80
5/7/1987,9.90
5/8/1987,7.10
5/9/1987,9.60
5/10/1987,9.80
5/11/1987,10.60
5/12/1987,12.80
5/13/1987,16.50
5/14/1987,11.70
5/15/1987,12.30
5/16/1987,12.20
5/17/1987,11.80
5/18/1987,10.70
5/19/1987,10.20
5/20/1987,10.00
5/21/1987,8.30
5/22/1987,6.60
5/23/1987,9.50
5/24/1987,12.30
5/25/1987,7.60
5/26/1987,9.30
5/27/1987,5.00
5/28/1987,4.30
5/29/1987,6.40
5/30/1987,10.80
5/31/1987,7.80
6/1/1987,8.50
6/2/1987,9.70
6/3/1987,10.00
6/4/1987,11.00
6/5/1987,10.20
6/6/1987,6.60
6/7/1987,6.10
6/8/1987,5.90
6/9/1987,8.90
6/10/1987,13.00
6/11/1987,12.60
6/12/1987,5.40
6/13/1987,6.00
6/14/1987,7.80
6/15/1987,9.00
6/16/1987,4.20
6/17/1987,3.00
6/18/1987,4.50
6/19/1987,6.20
6/20/1987,11.90
6/21/1987,11.80
6/22/1987,9.40
6/23/1987,9.60
6/24/1987,9.40
6/25/1987,7.00
6/26/1987,8.90
6/27/1987,9.30
6/28/1987,6.80
6/29/1987,7.50
6/30/1987,8.00
7/1/1987,8.30
7/2/1987,2.70
7/3/1987,3.90
7/4/1987,4.10
7/5/1987,5.00
7/6/1987,5.80
7/7/1987,4.40
7/8/1987,4.10
7/9/1987,5.80
7/10/1987,9.10
7/11/1987,7.90
7/12/1987,5.00
7/13/1987,2.80
7/14/1987,4.70
7/15/1987,8.90
7/16/1987,5.40
7/17/1987,7.10
7/18/1987,9.00
7/19/1987,9.40
7/20/1987,6.30
7/21/1987,7.00
7/22/1987,6.40
7/23/1987,6.70
7/24/1987,1.50
7/25/1987,2.90
7/26/1987,4.80
7/27/1987,6.30
7/28/1987,5.70
7/29/1987,7.00
7/30/1987,8.80
7/31/1987,8.70
8/1/1987,9.00
8/2/1987,9.60
8/3/1987,8.00
8/4/1987,8.40
8/5/1987,8.10
8/6/1987,9.00
8/7/1987,5.30
8/8/1987,8.90
8/9/1987,8.70
8/10/1987,4.90
8/11/1987,7.00
8/12/1987,7.50
8/13/1987,7.00
8/14/1987,9.10
8/15/1987,11.80
8/16/1987,9.90
8/17/1987,5.60
8/18/1987,4.20
8/19/1987,4.30
8/20/1987,8.00
8/21/1987,5.10
8/22/1987,9.40
8/23/1987,9.10
8/24/1987,9.70
8/25/1987,10.60
8/26/1987,8.60
8/27/1987,10.10
8/28/1987,11.00
8/29/1987,9.70
8/30/1987,5.00
8/31/1987,6.10
9/1/1987,5.40
9/2/1987,5.80
9/3/1987,7.30
9/4/1987,6.30
9/5/1987,4.80
9/6/1987,7.60
9/7/1987,8.10
9/8/1987,9.50
9/9/1987,10.30
9/10/1987,7.00
9/11/1987,9.00
9/12/1987,10.20
9/13/1987,6.80
9/14/1987,9.30
9/15/1987,9.80
9/16/1987,10.70
9/17/1987,7.80
9/18/1987,9.20
9/19/1987,15.00
9/20/1987,7.80
9/21/1987,5.30
9/22/1987,9.50
9/23/1987,7.60
9/24/1987,14.00
9/25/1987,14.90
9/26/1987,14.90
9/27/1987,19.20
9/28/1987,17.00
9/29/1987,13.00
9/30/1987,11.20
10/1/1987,9.50
10/2/1987,10.30
10/3/1987,9.30
10/4/1987,11.30
10/5/1987,6.50
10/6/1987,12.00
10/7/1987,8.30
10/8/1987,8.70
10/9/1987,8.70
10/10/1987,10.20
10/11/1987,6.90
10/12/1987,4.90
10/13/1987,10.00
10/14/1987,7.60
10/15/1987,14.50
10/16/1987,13.20
10/17/1987,9.90
10/18/1987,10.10
10/19/1987,11.30
10/20/1987,10.40
10/21/1987,10.90
10/22/1987,9.20
10/23/1987,10.50
10/24/1987,11.40
10/25/1987,13.50
10/26/1987,9.80
10/27/1987,13.10
10/28/1987,9.70
10/29/1987,11.40
10/30/1987,9.90
10/31/1987,14.40
11/1/1987,19.00
11/2/1987,23.00
11/3/1987,15.40
11/4/1987,9.60
11/5/1987,10.80
11/6/1987,12.10
11/7/1987,11.00
11/8/1987,12.60
11/9/1987,14.70
11/10/1987,11.10
11/11/1987,10.10
11/12/1987,11.40
11/13/1987,13.00
11/14/1987,11.90
11/15/1987,9.50
11/16/1987,13.50
11/17/1987,15.20
11/18/1987,18.40
11/19/1987,24.10
11/20/1987,14.10
11/21/1987,10.70
11/22/1987,8.70
11/23/1987,13.30
11/24/1987,11.60
11/25/1987,9.90
11/26/1987,10.80
11/27/1987,11.50
11/28/1987,10.00
11/29/1987,13.90
11/30/1987,13.60
12/1/1987,11.90
12/2/1987,11.10
12/3/1987,8.20
12/4/1987,9.40
12/5/1987,12.70
12/6/1987,11.60
12/7/1987,11.00
12/8/1987,11.30
12/9/1987,13.40
12/10/1987,14.90
12/11/1987,15.20
12/12/1987,13.90
12/13/1987,15.00
12/14/1987,16.20
12/15/1987,17.70
12/16/1987,20.50
12/17/1987,14.70
12/18/1987,12.50
12/19/1987,10.90
12/20/1987,12.80
12/21/1987,12.70
12/22/1987,11.20
12/23/1987,11.40
12/24/1987,11.20
12/25/1987,12.10
12/26/1987,12.70
12/27/1987,16.20
12/28/1987,14.20
12/29/1987,14.30
12/30/1987,13.30
12/31/1987,16.70
1/1/1988,15.30
1/2/1988,14.30
1/3/1988,13.50
1/4/1988,15.00
1/5/1988,13.60
1/6/1988,15.20
1/7/1988,17.00
1/8/1988,18.70
1/9/1988,16.50
1/10/1988,17.40
1/11/1988,18.30
1/12/1988,18.30
1/13/1988,22.40
1/14/1988,21.40
1/15/1988,20.90
1/16/1988,17.60
1/17/1988,15.50
1/18/1988,16.60
1/19/1988,16.20
1/20/1988,15.60
1/21/1988,14.50
1/22/1988,14.00
1/23/1988,15.60
1/24/1988,12.30
1/25/1988,11.60
1/26/1988,12.60
1/27/1988,14.90
1/28/1988,17.30
1/29/1988,21.40
1/30/1988,23.40
1/31/1988,14.40
2/1/1988,14.10
2/2/1988,15.00
2/3/1988,14.50
2/4/1988,15.10
2/5/1988,13.90
2/6/1988,13.40
2/7/1988,9.20
2/8/1988,12.50
2/9/1988,15.10
2/10/1988,12.10
2/11/1988,14.50
2/12/1988,16.30
2/13/1988,16.50
2/14/1988,14.90
2/15/1988,13.20
2/16/1988,11.80
2/17/1988,13.60
2/18/1988,16.20
2/19/1988,14.10
2/20/1988,13.50
2/21/1988,15.00
2/22/1988,14.80
2/23/1988,16.20
2/24/1988,16.20
2/25/1988,13.30
2/26/1988,15.30
2/27/1988,18.40
2/28/1988,16.20
2/29/1988,16.30
3/1/1988,12.40
3/2/1988,15.60
3/3/1988,14.90
3/4/1988,14.80
3/5/1988,12.70
3/6/1988,14.20
3/7/1988,16.80
3/8/1988,16.70
3/9/1988,16.20
3/10/1988,14.50
3/11/1988,10.00
3/12/1988,12.60
3/13/1988,11.90
3/14/1988,11.80
3/15/1988,13.40
3/16/1988,14.50
3/17/1988,15.70
3/18/1988,15.30
3/19/1988,13.90
3/20/1988,13.70
3/21/1988,15.10
3/22/1988,15.60
3/23/1988,14.40
3/24/1988,13.90
3/25/1988,16.20
3/26/1988,16.70
3/27/1988,15.50
3/28/1988,16.40
3/29/1988,17.50
3/30/1988,18.20
3/31/1988,16.10
4/1/1988,16.50
4/2/1988,14.60
4/3/1988,16.40
4/4/1988,13.60
4/5/1988,15.90
4/6/1988,11.90
4/7/1988,14.70
4/8/1988,9.40
4/9/1988,6.60
4/10/1988,7.90
4/11/1988,11.00
4/12/1988,15.70
4/13/1988,15.20
4/14/1988,15.90
4/15/1988,10.60
4/16/1988,8.30
4/17/1988,8.60
4/18/1988,12.70
4/19/1988,10.50
4/20/1988,12.00
4/21/1988,11.10
4/22/1988,13.00
4/23/1988,12.40
4/24/1988,13.30
4/25/1988,15.90
4/26/1988,12.00
4/27/1988,13.70
4/28/1988,17.60
4/29/1988,14.30
4/30/1988,13.70
5/1/1988,15.20
5/2/1988,14.50
5/3/1988,14.90
5/4/1988,15.50
5/5/1988,16.40
5/6/1988,14.50
5/7/1988,12.60
5/8/1988,13.60
5/9/1988,11.20
5/10/1988,11.00
5/11/1988,12.00
5/12/1988,6.80
5/13/1988,10.60
5/14/1988,13.10
5/15/1988,13.50
5/16/1988,11.70
5/17/1988,13.20
5/18/1988,12.00
5/19/1988,10.40
5/20/1988,10.00
5/21/1988,8.20
5/22/1988,9.40
5/23/1988,10.30
5/24/1988,8.10
5/25/1988,8.70
5/26/1988,12.60
5/27/1988,10.90
5/28/1988,8.70
5/29/1988,9.30
5/30/1988,6.30
5/31/1988,7.80
6/1/1988,10.00
6/2/1988,11.00
6/3/1988,11.10
6/4/1988,12.60
6/5/1988,10.20
6/6/1988,11.10
6/7/1988,8.70
6/8/1988,9.50
6/9/1988,9.70
6/10/1988,8.20
6/11/1988,5.00
6/12/1988,6.50
6/13/1988,12.10
6/14/1988,8.90
6/15/1988,6.10
6/16/1988,2.80
6/17/1988,3.70
6/18/1988,6.80
6/19/1988,6.60
6/20/1988,7.00
6/21/1988,7.30
6/22/1988,7.90
6/23/1988,10.60
6/24/1988,8.10
6/25/1988,6.70
6/26/1988,8.00
6/27/1988,10.00
6/28/1988,6.70
6/29/1988,9.40
6/30/1988,9.30
7/1/1988,6.00
7/2/1988,5.80
7/3/1988,4.90
7/4/1988,5.00
7/5/1988,8.40
7/6/1988,12.30
7/7/1988,13.00
7/8/1988,11.40
7/9/1988,6.80
7/10/1988,7.60
7/11/1988,12.40
7/12/1988,7.10
7/13/1988,7.50
7/14/1988,10.00
7/15/1988,5.30
7/16/1988,6.30
7/17/1988,8.00
7/18/1988,8.30
7/19/1988,9.30
7/20/1988,9.50
7/21/1988,5.60
7/22/1988,7.00
7/23/1988,8.50
7/24/1988,8.50
7/25/1988,8.20
7/26/1988,8.50
7/27/1988,9.60
7/28/1988,9.70
7/29/1988,7.10
7/30/1988,8.40
7/31/1988,9.20
8/1/1988,9.80
8/2/1988,8.10
8/3/1988,9.40
8/4/1988,10.00
8/5/1988,5.10
8/6/1988,6.70
8/7/1988,6.90
8/8/1988,6.80
8/9/1988,8.60
8/10/1988,9.10
8/11/1988,3.90
8/12/1988,4.80
8/13/1988,8.40
8/14/1988,11.60
8/15/1988,12.10
8/16/1988,12.40
8/17/1988,10.00
8/18/1988,10.10
8/19/1988,9.70
8/20/1988,11.70
8/21/1988,7.90
8/22/1988,8.60
8/23/1988,7.70
8/24/1988,5.80
8/25/1988,8.70
8/26/1988,10.60
8/27/1988,6.70
8/28/1988,8.80
8/29/1988,9.70
8/30/1988,9.00
8/31/1988,11.80
9/1/1988,15.20
9/2/1988,10.00
9/3/1988,10.50
9/4/1988,5.50
9/5/1988,9.40
9/6/1988,8.80
9/7/1988,5.30
9/8/1988,13.00
9/9/1988,15.20
9/10/1988,13.20
9/11/1988,11.50
9/12/1988,6.80
9/13/1988,4.70
9/14/1988,5.20
9/15/1988,6.80
9/16/1988,10.70
9/17/1988,10.10
9/18/1988,10.00
9/19/1988,9.80
9/20/1988,5.50
9/21/1988,13.50
9/22/1988,16.60
9/23/1988,8.40
9/24/1988,8.20
9/25/1988,11.10
9/26/1988,10.80
9/27/1988,8.80
9/28/1988,10.80
9/29/1988,8.70
9/30/1988,12.40
10/1/1988,9.00
10/2/1988,13.50
10/3/1988,14.70
10/4/1988,10.90
10/5/1988,8.50
10/6/1988,6.00
10/7/1988,12.70
10/8/1988,11.10
10/9/1988,8.70
10/10/1988,12.30
10/11/1988,13.30
10/12/1988,5.60
10/13/1988,13.70
10/14/1988,8.50
10/15/1988,11.20
10/16/1988,8.70
10/17/1988,11.70
10/18/1988,12.50
10/19/1988,8.20
10/20/1988,15.60
10/21/1988,10.30
10/22/1988,11.40
10/23/1988,9.70
10/24/1988,6.30
10/25/1988,14.30
10/26/1988,11.30
10/27/1988,7.30
10/28/1988,12.80
10/29/1988,11.90
10/30/1988,14.30
10/31/1988,11.60
11/1/1988,13.20
11/2/1988,15.50
11/3/1988,14.10
11/4/1988,9.50
11/5/1988,7.20
11/6/1988,11.80
11/7/1988,16.80
11/8/1988,12.50
11/9/1988,9.40
11/10/1988,11.90
11/11/1988,10.30
11/12/1988,16.90
11/13/1988,17.50
11/14/1988,7.50
11/15/1988,8.60
11/16/1988,11.10
11/17/1988,11.50
11/18/1988,10.70
11/19/1988,15.70
11/20/1988,12.80
11/21/1988,13.00
11/22/1988,12.90
11/23/1988,14.30
11/24/1988,13.70
11/25/1988,12.10
11/26/1988,11.90
11/27/1988,11.80
11/28/1988,11.40
11/29/1988,10.30
11/30/1988,11.70
12/1/1988,12.00
12/2/1988,17.40
12/3/1988,16.80
12/4/1988,16.20
12/5/1988,13.00
12/6/1988,12.50
12/7/1988,12.40
12/8/1988,16.10
12/9/1988,20.20
12/10/1988,14.30
12/11/1988,11.00
12/12/1988,14.40
12/13/1988,15.70
12/14/1988,19.70
12/15/1988,20.70
12/16/1988,23.90
12/17/1988,16.60
12/18/1988,17.50
12/19/1988,14.90
12/20/1988,13.60
12/21/1988,11.90
12/22/1988,15.20
12/23/1988,17.30
12/24/1988,19.80
12/25/1988,15.80
12/26/1988,9.50
12/27/1988,12.90
12/28/1988,12.90
12/29/1988,14.80
12/30/1988,14.10
1/1/1989,14.30
1/2/1989,17.40
1/3/1989,18.50
1/4/1989,16.80
1/5/1989,11.50
1/6/1989,9.50
1/7/1989,12.20
1/8/1989,15.70
1/9/1989,16.30
1/10/1989,13.60
1/11/1989,12.60
1/12/1989,13.80
1/13/1989,12.10
1/14/1989,13.40
1/15/1989,17.30
1/16/1989,19.40
1/17/1989,16.60
1/18/1989,13.90
1/19/1989,13.10
1/20/1989,16.00
1/21/1989,14.50
1/22/1989,15.00
1/23/1989,12.60
1/24/1989,12.50
1/25/1989,15.20
1/26/1989,16.20
1/27/1989,16.50
1/28/1989,20.10
1/29/1989,20.60
1/30/1989,16.90
1/31/1989,16.50
2/1/1989,16.10
2/2/1989,14.40
2/3/1989,16.30
2/4/1989,15.70
2/5/1989,14.20
2/6/1989,13.20
2/7/1989,16.80
2/8/1989,18.50
2/9/1989,16.70
2/10/1989,15.30
2/11/1989,15.90
2/12/1989,15.20
2/13/1989,17.50
2/14/1989,18.30
2/15/1989,19.40
2/16/1989,19.40
2/17/1989,19.50
2/18/1989,20.50
2/19/1989,15.70
2/20/1989,15.00
2/21/1989,16.10
2/22/1989,14.30
2/23/1989,13.00
2/24/1989,16.20
2/25/1989,17.70
2/26/1989,13.20
2/27/1989,15.80
2/28/1989,18.50
3/1/1989,20.40
3/2/1989,22.00
3/3/1989,19.70
3/4/1989,19.60
3/5/1989,20.30
3/6/1989,18.30
3/7/1989,18.90
3/8/1989,20.30
3/9/1989,21.40
3/10/1989,18.30
3/11/1989,17.80
3/12/1989,17.70
3/13/1989,12.80
3/14/1989,15.10
3/15/1989,15.00
3/16/1989,14.80
3/17/1989,12.00
3/18/1989,12.50
3/19/1989,15.00
3/20/1989,17.10
3/21/1989,17.30
3/22/1989,16.90
3/23/1989,16.50
3/24/1989,13.60
3/25/1989,13.20
3/26/1989,9.40
3/27/1989,9.50
3/28/1989,11.80
3/29/1989,10.40
3/30/1989,9.70
3/31/1989,12.60
4/1/1989,13.30
4/2/1989,15.10
4/3/1989,14.20
4/4/1989,14.20
4/5/1989,19.20
4/6/1989,12.60
4/7/1989,14.20
4/8/1989,11.90
4/9/1989,13.90
4/10/1989,13.50
4/11/1989,15.30
4/12/1989,13.90
4/13/1989,14.00
4/14/1989,12.90
4/15/1989,8.50
4/16/1989,11.40
4/17/1989,10.90
4/18/1989,12.00
4/19/1989,8.60
4/20/1989,9.00
4/21/1989,9.60
4/22/1989,10.20
4/23/1989,9.80
4/24/1989,8.30
4/25/1989,11.00
4/26/1989,11.90
4/27/1989,14.00
4/28/1989,15.80
4/29/1989,14.50
4/30/1989,13.20
5/1/1989,14.20
5/2/1989,14.60
5/3/1989,11.80
5/4/1989,14.40
5/5/1989,10.40
5/6/1989,10.30
5/7/1989,10.80
5/8/1989,10.50
5/9/1989,9.50
5/10/1989,12.50
5/11/1989,13.70
5/12/1989,12.70
5/13/1989,11.90
5/14/1989,11.40
5/15/1989,9.70
5/16/1989,8.30
5/17/1989,8.10
5/18/1989,11.70
5/19/1989,11.60
5/20/1989,7.40
5/21/1989,5.20
5/22/1989,11.00
5/23/1989,9.50
5/24/1989,9.20
5/25/1989,10.70
5/26/1989,9.00
5/27/1989,10.20
5/28/1989,10.30
5/29/1989,12.10
5/30/1989,13.20
5/31/1989,6.60
6/1/1989,2.30
6/2/1989,1.40
6/3/1989,2.10
6/4/1989,6.60
6/5/1989,8.90
6/6/1989,7.80
6/7/1989,9.00
6/8/1989,10.30
6/9/1989,7.90
6/10/1989,7.20
6/11/1989,8.60
6/12/1989,8.80
6/13/1989,6.20
6/14/1989,9.50
6/15/1989,10.20
6/16/1989,9.70
6/17/1989,11.20
6/18/1989,10.20
6/19/1989,10.10
6/20/1989,8.10
6/21/1989,6.60
6/22/1989,5.00
6/23/1989,4.70
6/24/1989,5.30
6/25/1989,4.50
6/26/1989,2.30
6/27/1989,1.40
6/28/1989,0.50
6/29/1989,2.40
6/30/1989,8.00
7/1/1989,6.00
7/2/1989,7.10
7/3/1989,9.70
7/4/1989,6.90
7/5/1989,5.30
7/6/1989,7.00
7/7/1989,6.20
7/8/1989,7.00
7/9/1989,9.70
7/10/1989,8.00
7/11/1989,8.50
7/12/1989,7.10
7/13/1989,7.50
7/14/1989,3.30
7/15/1989,1.80
7/16/1989,2.60
7/17/1989,5.30
7/18/1989,5.80
7/19/1989,5.80
7/20/1989,7.20
7/21/1989,5.30
7/22/1989,1.60
7/23/1989,3.10
7/24/1989,5.30
7/25/1989,7.70
7/26/1989,4.20
7/27/1989,5.50
7/28/1989,9.00
7/29/1989,11.20
7/30/1989,8.00
7/31/1989,7.60
8/1/1989,3.70
8/2/1989,7.50
8/3/1989,8.10
8/4/1989,8.40
8/5/1989,7.10
8/6/1989,7.60
8/7/1989,7.60
8/8/1989,5.60
8/9/1989,7.00
8/10/1989,10.50
8/11/1989,7.30
8/12/1989,7.80
8/13/1989,5.80
8/14/1989,3.80
8/15/1989,5.80
8/16/1989,6.70
8/17/1989,6.60
8/18/1989,6.60
8/19/1989,9.00
8/20/1989,8.10
8/21/1989,5.10
8/22/1989,8.60
8/23/1989,7.00
8/24/1989,5.50
8/25/1989,7.40
8/26/1989,6.20
8/27/1989,4.20
8/28/1989,6.30
8/29/1989,7.00
8/30/1989,4.00
8/31/1989,8.00
9/1/1989,8.80
9/2/1989,8.80
9/3/1989,6.10
9/4/1989,8.60
9/5/1989,8.90
9/6/1989,7.80
9/7/1989,5.00
9/8/1989,7.00
9/9/1989,13.30
9/10/1989,7.90
9/11/1989,7.50
9/12/1989,8.30
9/13/1989,7.20
9/14/1989,6.50
9/15/1989,8.90
9/16/1989,7.40
9/17/1989,9.90
9/18/1989,9.30
9/19/1989,10.60
9/20/1989,8.60
9/21/1989,7.20
9/22/1989,12.60
9/23/1989,7.80
9/24/1989,6.30
9/25/1989,9.20
9/26/1989,5.80
9/27/1989,9.00
9/28/1989,5.00
9/29/1989,11.90
9/30/1989,13.40
10/1/1989,10.50
10/2/1989,6.20
10/3/1989,5.10
10/4/1989,9.50
10/5/1989,11.70
10/6/1989,9.20
10/7/1989,7.30
10/8/1989,9.70
10/9/1989,9.40
10/10/1989,10.00
10/11/1989,10.90
10/12/1989,11.00
10/13/1989,10.90
10/14/1989,8.00
10/15/1989,11.20
10/16/1989,7.50
10/17/1989,7.20
10/18/1989,13.20
10/19/1989,12.90
10/20/1989,9.40
10/21/1989,10.20
10/22/1989,9.50
10/23/1989,12.40
10/24/1989,10.20
10/25/1989,13.40
10/26/1989,11.60
10/27/1989,8.00
10/28/1989,9.00
10/29/1989,9.30
10/30/1989,13.50
10/31/1989,8.00
11/1/1989,8.10
11/2/1989,10.00
11/3/1989,8.50
11/4/1989,12.50
11/5/1989,15.00
11/6/1989,13.30
11/7/1989,11.00
11/8/1989,11.90
11/9/1989,8.30
11/10/1989,9.70
11/11/1989,11.30
11/12/1989,12.50
11/13/1989,9.40
11/14/1989,11.40
11/15/1989,13.20
11/16/1989,13.80
11/17/1989,16.00
11/18/1989,10.90
11/19/1989,11.90
11/20/1989,12.40
11/21/1989,13.20
11/22/1989,15.50
11/23/1989,21.60
11/24/1989,14.90
11/25/1989,14.40
11/26/1989,12.90
11/27/1989,13.10
11/28/1989,14.00
11/29/1989,17.90
11/30/1989,17.70
12/1/1989,16.30
12/2/1989,18.30
12/3/1989,13.70
12/4/1989,13.30
12/5/1989,10.60
12/6/1989,14.10
12/7/1989,16.00
12/8/1989,16.50
12/9/1989,14.10
12/10/1989,18.70
12/11/1989,16.20
12/12/1989,14.80
12/13/1989,12.60
12/14/1989,10.40
12/15/1989,12.20
12/16/1989,12.60
12/17/1989,12.10
12/18/1989,17.30
12/19/1989,16.40
12/20/1989,12.60
12/21/1989,12.30
12/22/1989,11.80
12/23/1989,12.00
12/24/1989,12.70
12/25/1989,16.40
12/26/1989,16.00
12/27/1989,13.30
12/28/1989,11.70
12/29/1989,10.40
12/30/1989,14.40
12/31/1989,12.70
1/1/1990,14.80
1/2/1990,13.30
1/3/1990,15.60
1/4/1990,14.50
1/5/1990,14.30
1/6/1990,15.30
1/7/1990,16.40
1/8/1990,14.80
1/9/1990,17.40
1/10/1990,18.80
1/11/1990,22.10
1/12/1990,19.00
1/13/1990,15.50
1/14/1990,15.80
1/15/1990,14.70
1/16/1990,10.70
1/17/1990,11.50
1/18/1990,15.00
1/19/1990,14.50
1/20/1990,14.50
1/21/1990,13.30
1/22/1990,14.30
1/23/1990,14.30
1/24/1990,20.50
1/25/1990,15.00
1/26/1990,17.10
1/27/1990,16.90
1/28/1990,16.90
1/29/1990,13.60
1/30/1990,16.40
1/31/1990,16.10
2/1/1990,12.00
2/2/1990,12.20
2/3/1990,14.80
2/4/1990,14.80
2/5/1990,14.40
2/6/1990,12.90
2/7/1990,13.40
2/8/1990,15.90
2/9/1990,16.10
2/10/1990,17.60
2/11/1990,15.60
2/12/1990,15.00
2/13/1990,13.00
2/14/1990,14.10
2/15/1990,17.30
2/16/1990,15.70
2/17/1990,18.60
2/18/1990,12.70
2/19/1990,14.00
2/20/1990,13.70
2/21/1990,16.30
2/22/1990,20.00
2/23/1990,17.00
2/24/1990,15.20
2/25/1990,16.50
2/26/1990,16.50
2/27/1990,17.30
2/28/1990,19.10
3/1/1990,19.30
3/2/1990,17.30
3/3/1990,19.00
3/4/1990,19.80
3/5/1990,19.30
3/6/1990,17.20
3/7/1990,14.20
3/8/1990,10.30
3/9/1990,13.00
3/10/1990,15.30
3/11/1990,15.00
3/12/1990,12.10
3/13/1990,9.20
3/14/1990,11.00
3/15/1990,15.00
3/16/1990,11.60
3/17/1990,11.60
3/18/1990,15.10
3/19/1990,15.00
3/20/1990,13.60
3/21/1990,12.50
3/22/1990,14.30
3/23/1990,16.00
3/24/1990,17.40
3/25/1990,16.90
3/26/1990,18.00
3/27/1990,20.60
3/28/1990,14.20
3/29/1990,10.90
3/30/1990,11.90
3/31/1990,13.30
4/1/1990,15.30
4/2/1990,14.70
4/3/1990,11.00
4/4/1990,12.20
4/5/1990,14.20
4/6/1990,17.00
4/7/1990,15.80
4/8/1990,15.20
4/9/1990,15.10
4/10/1990,14.70
4/11/1990,18.50
4/12/1990,16.40
4/13/1990,18.40
4/14/1990,15.10
4/15/1990,9.90
4/16/1990,10.20
4/17/1990,12.60
4/18/1990,13.20
4/19/1990,11.50
4/20/1990,13.80
4/21/1990,14.50
4/22/1990,14.70
4/23/1990,11.20
4/24/1990,12.70
4/25/1990,13.70
4/26/1990,11.50
4/27/1990,10.40
4/28/1990,8.90
4/29/1990,11.10
4/30/1990,9.50
5/1/1990,13.00
5/2/1990,13.90
5/3/1990,12.60
5/4/1990,14.30
5/5/1990,16.00
5/6/1990,13.30
5/7/1990,7.00
5/8/1990,4.90
5/9/1990,6.90
5/10/1990,13.70
5/11/1990,10.60
5/12/1990,12.30
5/13/1990,11.10
5/14/1990,10.20
5/15/1990,9.50
5/16/1990,8.90
5/17/1990,13.40
5/18/1990,9.10
5/19/1990,9.40
5/20/1990,8.70
5/21/1990,5.80
5/22/1990,4.50
5/23/1990,7.20
5/24/1990,10.00
5/25/1990,10.50
5/26/1990,10.70
5/27/1990,8.20
5/28/1990,6.10
5/29/1990,4.50
5/30/1990,6.10
5/31/1990,9.80
6/1/1990,9.70
6/2/1990,8.20
6/3/1990,8.40
6/4/1990,8.50
6/5/1990,10.40
6/6/1990,6.80
6/7/1990,6.00
6/8/1990,6.60
6/9/1990,7.80
6/10/1990,10.30
6/11/1990,7.20
6/12/1990,7.40
6/13/1990,11.40
6/14/1990,5.40
6/15/1990,4.40
6/16/1990,6.40
6/17/1990,9.30
6/18/1990,7.70
6/19/1990,8.10
6/20/1990,8.30
6/21/1990,9.10
6/22/1990,7.70
6/23/1990,10.60
6/24/1990,8.20
6/25/1990,7.90
6/26/1990,5.20
6/27/1990,5.90
6/28/1990,3.70
6/29/1990,5.60
6/30/1990,9.40
7/1/1990,7.40
7/2/1990,7.30
7/3/1990,7.70
7/4/1990,7.70
7/5/1990,9.30
7/6/1990,4.40
7/7/1990,5.70
7/8/1990,10.20
7/9/1990,10.20
7/10/1990,9.30
7/11/1990,5.40
7/12/1990,5.00
7/13/1990,7.60
7/14/1990,9.60
7/15/1990,10.40
7/16/1990,11.20
7/17/1990,9.10
7/18/1990,11.20
7/19/1990,6.80
7/20/1990,8.30
7/21/1990,9.70
7/22/1990,9.60
7/23/1990,9.80
7/24/1990,10.80
7/25/1990,9.20
7/26/1990,6.50
7/27/1990,8.10
7/28/1990,7.30
7/29/1990,7.90
7/30/1990,6.00
7/31/1990,5.00
8/1/1990,6.80
8/2/1990,9.80
8/3/1990,5.70
8/4/1990,8.60
8/5/1990,10.60
8/6/1990,7.80
8/7/1990,7.70
8/8/1990,8.60
8/9/1990,6.50
8/10/1990,6.90
8/11/1990,6.40
8/12/1990,8.50
8/13/1990,7.80
8/14/1990,9.30
8/15/1990,8.40
8/16/1990,7.80
8/17/1990,7.40
8/18/1990,7.70
8/19/1990,8.90
8/20/1990,9.70
8/21/1990,9.90
8/22/1990,6.10
8/23/1990,6.60
8/24/1990,7.60
8/25/1990,7.40
8/26/1990,8.00
8/27/1990,2.10
8/28/1990,5.90
8/29/1990,11.60
8/30/1990,8.60
8/31/1990,7.90
9/1/1990,6.00
9/2/1990,9.50
9/3/1990,8.60
9/4/1990,7.60
9/5/1990,10.40
9/6/1990,10.30
9/7/1990,7.50
9/8/1990,3.00
9/9/1990,5.30
9/10/1990,10.50
9/11/1990,14.60
9/12/1990,12.60
9/13/1990,9.80
9/14/1990,7.20
9/15/1990,10.10
9/16/1990,10.40
9/17/1990,3.70
9/18/1990,7.30
9/19/1990,11.60
9/20/1990,16.30
9/21/1990,9.60
9/22/1990,6.80
9/23/1990,5.20
9/24/1990,10.60
9/25/1990,16.30
9/26/1990,9.80
9/27/1990,4.60
9/28/1990,11.10
9/29/1990,8.70
9/30/1990,10.00
10/1/1990,11.30
10/2/1990,10.50
10/3/1990,9.90
10/4/1990,11.00
10/5/1990,14.00
10/6/1990,9.20
10/7/1990,9.80
10/8/1990,6.00
10/9/1990,9.80
10/10/1990,9.20
10/11/1990,11.80
10/12/1990,10.30
10/13/1990,7.50
10/14/1990,7.70
10/15/1990,15.80
10/16/1990,14.60
10/17/1990,10.50
10/18/1990,11.30
10/19/1990,10.90
10/20/1990,6.40
10/21/1990,10.90
10/22/1990,9.00
10/23/1990,10.90
10/24/1990,12.40
10/25/1990,11.60
10/26/1990,13.30
10/27/1990,14.40
10/28/1990,18.40
10/29/1990,13.60
10/30/1990,14.90
10/31/1990,14.80
11/1/1990,15.40
11/2/1990,11.80
11/3/1990,13.00
11/4/1990,11.10
11/5/1990,12.50
11/6/1990,18.30
11/7/1990,19.20
11/8/1990,15.40
11/9/1990,13.10
11/10/1990,11.50
11/11/1990,8.60
11/12/1990,12.60
11/13/1990,13.80
11/14/1990,14.60
11/15/1990,13.20
11/16/1990,12.30
11/17/1990,8.80
11/18/1990,10.70
11/19/1990,9.90
11/20/1990,8.30
11/21/1990,15.00
11/22/1990,12.20
11/23/1990,10.50
11/24/1990,11.10
11/25/1990,13.00
11/26/1990,12.90
11/27/1990,8.80
11/28/1990,14.70
11/29/1990,14.70
11/30/1990,12.70
12/1/1990,13.30
12/2/1990,13.20
12/3/1990,16.20
12/4/1990,17.30
12/5/1990,20.50
12/6/1990,20.20
12/7/1990,19.40
12/8/1990,15.50
12/9/1990,14.10
12/10/1990,11.00
12/11/1990,11.10
12/12/1990,14.00
12/13/1990,11.40
12/14/1990,12.50
12/15/1990,13.40
12/16/1990,13.60
12/17/1990,13.90
12/18/1990,17.20
12/19/1990,14.70
12/20/1990,15.40
12/21/1990,13.10
12/22/1990,13.20
12/23/1990,13.90
12/24/1990,10.00
12/25/1990,12.90
12/26/1990,14.60
12/27/1990,14.00
12/28/1990,13.60
12/29/1990,13.50
12/30/1990,15.70
12/31/1990,13.00
,
,
,
,
,
,
,
,
,
,
,
,
,
,
,
,
,
,
,
,
,
,
,
,
,
,
,
,
,
,
,
,
,
,
,
,
,
,
,
,
,
,
,
,
,
,
,
,
,
,
,
,
,
,
,
,
,
,
,
,
,
,
,
,
,
,
,
,
,
,
,
,
,
,
,
,
,
,
,
,
,
,
,
,
,
,
